<?xml version="1.0" encoding="UTF-8"?>
<GenRun Id="synth_1" LaunchPart="xc7a100tcsg324-1" LaunchTime="1573591812">
  <File Type="PA-TCL" Name="tryAfter.tcl"/>
  <File Type="RDS-PROPCONSTRS" Name="tryAfter_drc_synth.rpt"/>
  <File Type="REPORTS-TCL" Name="tryAfter_reports.tcl"/>
  <File Type="RDS-RDS" Name="tryAfter.vds"/>
  <File Type="RDS-UTIL" Name="tryAfter_utilization_synth.rpt"/>
  <File Type="RDS-UTIL-PB" Name="tryAfter_utilization_synth.pb"/>
  <File Type="RDS-DCP" Name="tryAfter.dcp"/>
  <File Type="VDS-TIMINGSUMMARY" Name="tryAfter_timing_summary_synth.rpt"/>
  <File Type="VDS-TIMING-PB" Name="tryAfter_timing_summary_synth.pb"/>
  <FileSet Name="sources" Type="DesignSrcs" RelSrcDir="$PSRCDIR/sources_1">
    <Filter Type="Srcs"/>
    <File Path="$PSRCDIR/sources_1/imports/332_Proj/lab1.v">
      <FileInfo>
        <Attr Name="ImportPath" Val="$PPRDIR/../lab1.v"/>
        <Attr Name="ImportTime" Val="1571339688"/>
        <Attr Name="UsedIn" Val="synthesis"/>
        <Attr Name="UsedIn" Val="implementation"/>
        <Attr Name="UsedIn" Val="simulation"/>
      </FileInfo>
    </File>
    <Config>
      <Option Name="DesignMode" Val="RTL"/>
      <Option Name="TopModule" Val="tryAfter"/>
      <Option Name="TopAutoSet" Val="TRUE"/>
    </Config>
  </FileSet>
  <FileSet Name="constrs_in" Type="Constrs" RelSrcDir="$PSRCDIR/constrs_1">
    <Filter Type="Constrs"/>
    <File Path="$PSRCDIR/constrs_1/imports/Pictures/Nexys-4-DDR-Master.xdc">
      <FileInfo>
        <Attr Name="ImportPath" Val="$PPRDIR/../../../../../../../Pictures/Nexys-4-DDR-Master.xdc"/>
        <Attr Name="ImportTime" Val="1573591711"/>
        <Attr Name="UsedIn" Val="synthesis"/>
        <Attr Name="UsedIn" Val="implementation"/>
      </FileInfo>
    </File>
    <Config>
      <Option Name="ConstrsType" Val="XDC"/>
    </Config>
  </FileSet>
  <FileSet Name="utils" Type="Utils" RelSrcDir="$PSRCDIR/utils_1">
    <Filter Type="Utils"/>
    <Config>
      <Option Name="TopAutoSet" Val="TRUE"/>
    </Config>
  </FileSet>
  <Strategy Version="1" Minor="2">
    <StratHandle Name="Vivado Synthesis Defaults" Flow="Vivado Synthesis 2019"/>
    <Step Id="synth_design"/>
  </Strategy>
</GenRun>
