<?xml version="1.0" encoding="UTF-8"?>
<GenRun Id="impl_1" LaunchPart="xc7a100tcsg324-1" LaunchTime="1574369125">
  <File Type="BITSTR-BMM" Name="tryAfter_bd.bmm"/>
  <File Type="OPT-METHODOLOGY-DRC" Name="tryAfter_methodology_drc_opted.rpt"/>
  <File Type="INIT-TIMING" Name="tryAfter_timing_summary_init.rpt"/>
  <File Type="ROUTE-PWR" Name="tryAfter_power_routed.rpt"/>
  <File Type="PA-TCL" Name="tryAfter.tcl"/>
  <File Type="OPT-TIMING" Name="tryAfter_timing_summary_opted.rpt"/>
  <File Type="OPT-DCP" Name="tryAfter_opt.dcp"/>
  <File Type="ROUTE-PWR-SUM" Name="tryAfter_power_summary_routed.pb"/>
  <File Type="REPORTS-TCL" Name="tryAfter_reports.tcl"/>
  <File Type="OPT-DRC" Name="tryAfter_drc_opted.rpt"/>
  <File Type="OPT-HWDEF" Name="tryAfter.hwdef"/>
  <File Type="PWROPT-DCP" Name="tryAfter_pwropt.dcp"/>
  <File Type="PWROPT-DRC" Name="tryAfter_drc_pwropted.rpt"/>
  <File Type="PWROPT-TIMING" Name="tryAfter_timing_summary_pwropted.rpt"/>
  <File Type="PLACE-DCP" Name="tryAfter_placed.dcp"/>
  <File Type="PLACE-IO" Name="tryAfter_io_placed.rpt"/>
  <File Type="PLACE-CLK" Name="tryAfter_clock_utilization_placed.rpt"/>
  <File Type="PLACE-UTIL" Name="tryAfter_utilization_placed.rpt"/>
  <File Type="PLACE-UTIL-PB" Name="tryAfter_utilization_placed.pb"/>
  <File Type="PLACE-CTRL" Name="tryAfter_control_sets_placed.rpt"/>
  <File Type="PLACE-SIMILARITY" Name="tryAfter_incremental_reuse_placed.rpt"/>
  <File Type="PLACE-PRE-SIMILARITY" Name="tryAfter_incremental_reuse_pre_placed.rpt"/>
  <File Type="BG-BGN" Name="tryAfter.bgn"/>
  <File Type="PLACE-TIMING" Name="tryAfter_timing_summary_placed.rpt"/>
  <File Type="POSTPLACE-PWROPT-DCP" Name="tryAfter_postplace_pwropt.dcp"/>
  <File Type="BG-BIN" Name="tryAfter.bin"/>
  <File Type="POSTPLACE-PWROPT-TIMING" Name="tryAfter_timing_summary_postplace_pwropted.rpt"/>
  <File Type="PHYSOPT-DCP" Name="tryAfter_physopt.dcp"/>
  <File Type="PHYSOPT-DRC" Name="tryAfter_drc_physopted.rpt"/>
  <File Type="BITSTR-MSK" Name="tryAfter.msk"/>
  <File Type="PHYSOPT-TIMING" Name="tryAfter_timing_summary_physopted.rpt"/>
  <File Type="ROUTE-ERROR-DCP" Name="tryAfter_routed_error.dcp"/>
  <File Type="ROUTE-DCP" Name="tryAfter_routed.dcp"/>
  <File Type="ROUTE-BLACKBOX-DCP" Name="tryAfter_routed_bb.dcp"/>
  <File Type="ROUTE-DRC" Name="tryAfter_drc_routed.rpt"/>
  <File Type="ROUTE-DRC-PB" Name="tryAfter_drc_routed.pb"/>
  <File Type="BITSTR-LTX" Name="debug_nets.ltx"/>
  <File Type="BITSTR-LTX" Name="tryAfter.ltx"/>
  <File Type="ROUTE-DRC-RPX" Name="tryAfter_drc_routed.rpx"/>
  <File Type="BITSTR-MMI" Name="tryAfter.mmi"/>
  <File Type="ROUTE-METHODOLOGY-DRC" Name="tryAfter_methodology_drc_routed.rpt"/>
  <File Type="ROUTE-METHODOLOGY-DRC-RPX" Name="tryAfter_methodology_drc_routed.rpx"/>
  <File Type="BITSTR-SYSDEF" Name="tryAfter.sysdef"/>
  <File Type="ROUTE-METHODOLOGY-DRC-PB" Name="tryAfter_methodology_drc_routed.pb"/>
  <File Type="ROUTE-PWR-RPX" Name="tryAfter_power_routed.rpx"/>
  <File Type="ROUTE-STATUS" Name="tryAfter_route_status.rpt"/>
  <File Type="ROUTE-STATUS-PB" Name="tryAfter_route_status.pb"/>
  <File Type="ROUTE-TIMINGSUMMARY" Name="tryAfter_timing_summary_routed.rpt"/>
  <File Type="ROUTE-TIMING-PB" Name="tryAfter_timing_summary_routed.pb"/>
  <File Type="ROUTE-TIMING-RPX" Name="tryAfter_timing_summary_routed.rpx"/>
  <File Type="ROUTE-SIMILARITY" Name="tryAfter_incremental_reuse_routed.rpt"/>
  <File Type="ROUTE-CLK" Name="tryAfter_clock_utilization_routed.rpt"/>
  <File Type="ROUTE-BUS-SKEW" Name="tryAfter_bus_skew_routed.rpt"/>
  <File Type="ROUTE-BUS-SKEW-PB" Name="tryAfter_bus_skew_routed.pb"/>
  <File Type="ROUTE-BUS-SKEW-RPX" Name="tryAfter_bus_skew_routed.rpx"/>
  <File Type="POSTROUTE-PHYSOPT-DCP" Name="tryAfter_postroute_physopt.dcp"/>
  <File Type="POSTROUTE-PHYSOPT-BLACKBOX-DCP" Name="tryAfter_postroute_physopt_bb.dcp"/>
  <File Type="POSTROUTE-PHYSOPT-TIMING" Name="tryAfter_timing_summary_postroute_physopted.rpt"/>
  <File Type="POSTROUTE-PHYSOPT-TIMING-PB" Name="tryAfter_timing_summary_postroute_physopted.pb"/>
  <File Type="POSTROUTE-PHYSOPT-TIMING-RPX" Name="tryAfter_timing_summary_postroute_physopted.rpx"/>
  <File Type="POSTROUTE-PHYSOPT-BUS-SKEW" Name="tryAfter_bus_skew_postroute_physopted.rpt"/>
  <File Type="POSTROUTE-PHYSOPT-BUS-SKEW-PB" Name="tryAfter_bus_skew_postroute_physopted.pb"/>
  <File Type="BG-BIT" Name="tryAfter.bit"/>
  <File Type="POSTROUTE-PHYSOPT-BUS-SKEW-RPX" Name="tryAfter_bus_skew_postroute_physopted.rpx"/>
  <File Type="BITSTR-RBT" Name="tryAfter.rbt"/>
  <File Type="BITSTR-NKY" Name="tryAfter.nky"/>
  <File Type="BG-DRC" Name="tryAfter.drc"/>
  <File Type="RDI-RDI" Name="tryAfter.vdi"/>
  <File Type="WBT-USG" Name="usage_statistics_webtalk.html"/>
  <FileSet Name="sources" Type="DesignSrcs" RelSrcDir="$PSRCDIR/sources_1">
    <Filter Type="Srcs"/>
    <File Path="$PSRCDIR/sources_1/imports/332_Proj/lab1.v">
      <FileInfo>
        <Attr Name="ImportPath" Val="$PPRDIR/../lab1.v"/>
        <Attr Name="ImportTime" Val="1571339688"/>
        <Attr Name="UsedIn" Val="synthesis"/>
        <Attr Name="UsedIn" Val="implementation"/>
        <Attr Name="UsedIn" Val="simulation"/>
      </FileInfo>
    </File>
    <Config>
      <Option Name="DesignMode" Val="RTL"/>
      <Option Name="TopModule" Val="tryAfter"/>
      <Option Name="TopAutoSet" Val="TRUE"/>
    </Config>
  </FileSet>
  <FileSet Name="constrs_in" Type="Constrs" RelSrcDir="$PSRCDIR/constrs_1">
    <Filter Type="Constrs"/>
    <File Path="$PSRCDIR/constrs_1/imports/Lab_6_starter_files/Nexys-4-DDR-Master.xdc">
      <FileInfo>
        <Attr Name="ImportPath" Val="$PPRDIR/../../../dc-lab6/Lab_6_starter_files/Nexys-4-DDR-Master.xdc"/>
        <Attr Name="ImportTime" Val="1572570120"/>
        <Attr Name="UsedIn" Val="synthesis"/>
        <Attr Name="UsedIn" Val="implementation"/>
      </FileInfo>
    </File>
    <Config>
      <Option Name="ConstrsType" Val="XDC"/>
    </Config>
  </FileSet>
  <FileSet Name="utils" Type="Utils" RelSrcDir="$PSRCDIR/utils_1">
    <Filter Type="Utils"/>
    <Config>
      <Option Name="TopAutoSet" Val="TRUE"/>
    </Config>
  </FileSet>
  <Strategy Version="1" Minor="2">
    <StratHandle Name="Vivado Implementation Defaults" Flow="Vivado Implementation 2019"/>
    <Step Id="init_design"/>
    <Step Id="opt_design"/>
    <Step Id="power_opt_design"/>
    <Step Id="place_design"/>
    <Step Id="post_place_power_opt_design"/>
    <Step Id="phys_opt_design"/>
    <Step Id="route_design"/>
    <Step Id="post_route_phys_opt_design"/>
    <Step Id="write_bitstream"/>
  </Strategy>
</GenRun>
